Longitude (x),Latitude (y),Station Name,Climate ID,Date/Time,Year,Month,Day,Data Quality,Max Temp (°C),Max Temp Flag,Min Temp (°C),Min Temp Flag,Mean Temp (°C),Mean Temp Flag,Heat Deg Days (°C),Heat Deg Days Flag,Cool Deg Days (°C),Cool Deg Days Flag,Total Rain (mm),Total Rain Flag,Total Snow (cm),Total Snow Flag,Total Precip (mm),Province,Station ID,WMO ID,Elevation (m),First Year,Last Year,HLY First Year,HLY Last Year,DLY First Year,DLY Last Year,MLY First Year,MLY Last Year
-79.40,43.67,TORONTO,6158350,1900-01-01,1900,01,01,,-6.7,,-12.8,,-9.8,,27.8,,0.0,,0.0,,0.0,T,0.0,ONTARIO,5051,71266,112.5,1840,2017,1953,1969,1840,2017,1840,2006
-79.40,43.67,TORONTO,6158350,1900-01-02,1900,01,02,,-2.8,,-11.1,,-7.0,,25.0,,0.0,,0.0,,5.1,,5.1,ONTARIO,5051,71266,112.5,1840,2017,1953,1969,1840,2017,1840,2006
-79.40,43.67,TORONTO,6158350,1900-01-03,1900,01,03,,-4.4,,-17.8,,-11.1,,29.1,,0.0,,0.0,,0.5,,0.5,ONTARIO,5051,71266,112.5,1840,2017,1953,1969,1840,2017,1840,2006
-79.40,43.67,TORONTO,6158350,1900-01-04,1900,01,04,,1.1,,-5.6,,-2.3,,20.3,,0.0,,0.0,,0.0,T,0.0,ONTARIO,5051,71266,112.5,1840,2017,1953,1969,1840,2017,1840,2006
-79.40,43.67,TORONTO,6158350,1900-01-05,1900,01,05,,4.4,,0.6,,2.5,,15.5,,0.0,,0.0,,0.0,,0.0,ONTARIO,5051,71266,112.5,1840,2017,1953,1969,1840,2017,1840,2006
-79.40,43.67,TORONTO,6158350,1900-01-06,1900,01,06,,3.3,,-2.2,,0.6,,17.4,,0.0,,0.0,,0.0,,0.0,ONTARIO,5051,71266,112.5,1840,2017,1953,1969,1840,2017,1840,2006
-79.40,43.67,TORONTO,6158350,1900-01-07,1900,01,07,,6.7,,0.6,,3.7,,14.3,,0.0,,0.0,T,0.0,,0.0,ONTARIO,5051,71266,112.5,1840,2017,1953,1969,1840,2017,1840,2006
-79.40,43.67,TORONTO,6158350,1900-01-08,1900,01,08,,4.4,,-8.9,,-2.3,,20.3,,0.0,,0.5,,0.0,,0.5,ONTARIO,5051,71266,112.5,1840,2017,1953,1969,1840,2017,1840,2006
-79.40,43.67,TORONTO,6158350,1900-01-09,1900,01,09,,3.3,,-9.4,,-3.1,,21.1,,0.0,,2.0,,0.0,,2.0,ONTARIO,5051,71266,112.5,1840,2017,1953,1969,1840,2017,1840,2006
-79.40,43.67,TORONTO,6158350,1900-01-10,1900,01,10,,4.4,,-8.9,,-2.3,,20.3,,0.0,,0.0,,0.0,,0.0,ONTARIO,5051,71266,112.5,1840,2017,1953,1969,1840,2017,1840,2006
-79.40,43.67,TORONTO,6158350,1900-01-11,1900,01,11,,-0.6,,-10.6,,-5.6,,23.6,,0.0,,0.0,,15.2,,15.2,ONTARIO,5051,71266,112.5,1840,2017,1953,1969,1840,2017,1840,2006
-79.40,43.67,TORONTO,6158350,1900-01-12,1900,01,12,,-1.7,,-9.4,,-5.6,,23.6,,0.0,,0.0,,0.0,T,0.0,ONTARIO,5051,71266,112.5,1840,2017,1953,1969,1840,2017,1840,2006
-79.40,43.67,TORONTO,6158350,1900-01-13,1900,01,13,,1.1,,-3.9,,-1.4,,19.4,,0.0,,0.0,,1.5,,1.5,ONTARIO,5051,71266,112.5,1840,2017,1953,1969,1840,2017,1840,2006
-79.40,43.67,TORONTO,6158350,1900-01-14,1900,01,14,,1.7,,0.0,,0.9,,17.1,,0.0,,1.0,,3.0,,4.1,ONTARIO,5051,71266,112.5,1840,2017,1953,1969,1840,2017,1840,2006
-79.40,43.67,TORONTO,6158350,1900-01-15,1900,01,15,,2.8,,0.0,,1.4,,16.6,,0.0,,1.0,,3.8,,4.8,ONTARIO,5051,71266,112.5,1840,2017,1953,1969,1840,2017,1840,2006
-79.40,43.67,TORONTO,6158350,1900-01-16,1900,01,16,,3.9,,-1.1,,1.4,,16.6,,0.0,,0.0,,2.8,,2.8,ONTARIO,5051,71266,112.5,1840,2017,1953,1969,1840,2017,1840,2006
-79.40,43.67,TORONTO,6158350,1900-01-17,1900,01,17,,1.1,,-5.0,,-2.0,,20.0,,0.0,,0.5,,0.0,,0.5,ONTARIO,5051,71266,112.5,1840,2017,1953,1969,1840,2017,1840,2006
-79.40,43.67,TORONTO,6158350,1900-01-18,1900,01,18,,5.0,,-3.3,,0.9,,17.1,,0.0,,1.5,,0.0,,1.5,ONTARIO,5051,71266,112.5,1840,2017,1953,1969,1840,2017,1840,2006
-79.40,43.67,TORONTO,6158350,1900-01-19,1900,01,19,,8.3,,1.7,,5.0,,13.0,,0.0,,0.0,,0.0,,0.0,ONTARIO,5051,71266,112.5,1840,2017,1953,1969,1840,2017,1840,2006
-79.40,43.67,TORONTO,6158350,1900-01-20,1900,01,20,,3.9,,1.7,,2.8,,15.2,,0.0,,3.3,,0.0,,3.3,ONTARIO,5051,71266,112.5,1840,2017,1953,1969,1840,2017,1840,2006
-79.40,43.67,TORONTO,6158350,1900-01-21,1900,01,21,,3.9,,-10.0,,-3.1,,21.1,,0.0,,0.0,,0.0,,0.0,ONTARIO,5051,71266,112.5,1840,2017,1953,1969,1840,2017,1840,2006
-79.40,43.67,TORONTO,6158350,1900-01-22,1900,01,22,,6.1,,0.6,,3.4,,14.6,,0.0,,0.0,,0.0,,0.0,ONTARIO,5051,71266,112.5,1840,2017,1953,1969,1840,2017,1840,2006
-79.40,43.67,TORONTO,6158350,1900-01-23,1900,01,23,,5.0,,-9.4,,-2.2,,20.2,,0.0,,0.0,,0.0,,0.0,ONTARIO,5051,71266,112.5,1840,2017,1953,1969,1840,2017,1840,2006
-79.40,43.67,TORONTO,6158350,1900-01-24,1900,01,24,,2.8,,-13.3,,-5.3,,23.3,,0.0,,0.0,T,0.8,,0.8,ONTARIO,5051,71266,112.5,1840,2017,1953,1969,1840,2017,1840,2006
-79.40,43.67,TORONTO,6158350,1900-01-25,1900,01,25,,4.4,,-8.3,,-2.0,,20.0,,0.0,,2.0,,1.5,,3.6,ONTARIO,5051,71266,112.5,1840,2017,1953,1969,1840,2017,1840,2006
-79.40,43.67,TORONTO,6158350,1900-01-26,1900,01,26,,-7.8,,-17.2,,-12.5,,30.5,,0.0,,0.0,,0.3,,0.3,ONTARIO,5051,71266,112.5,1840,2017,1953,1969,1840,2017,1840,2006
-79.40,43.67,TORONTO,6158350,1900-01-27,1900,01,27,,-3.3,,-13.3,,-8.3,,26.3,,0.0,,0.0,,0.0,T,0.0,ONTARIO,5051,71266,112.5,1840,2017,1953,1969,1840,2017,1840,2006
-79.40,43.67,TORONTO,6158350,1900-01-28,1900,01,28,,0.0,,-12.2,,-6.1,,24.1,,0.0,,0.0,,2.3,,2.3,ONTARIO,5051,71266,112.5,1840,2017,1953,1969,1840,2017,1840,2006
-79.40,43.67,TORONTO,6158350,1900-01-29,1900,01,29,,-10.0,,-16.7,,-13.4,,31.4,,0.0,,0.0,,0.0,,0.0,ONTARIO,5051,71266,112.5,1840,2017,1953,1969,1840,2017,1840,2006
-79.40,43.67,TORONTO,6158350,1900-01-30,1900,01,30,,-2.8,,-12.8,,-7.8,,25.8,,0.0,,0.0,,0.5,,0.5,ONTARIO,5051,71266,112.5,1840,2017,1953,1969,1840,2017,1840,2006
-79.40,43.67,TORONTO,6158350,1900-01-31,1900,01,31,,-11.7,,-17.8,,-14.8,,32.8,,0.0,,0.0,,0.0,,0.0,ONTARIO,5051,71266,112.5,1840,2017,1953,1969,1840,2017,1840,2006
-79.40,43.67,TORONTO,6158350,1900-02-01,1900,02,01,,-13.3,,-19.4,,-16.4,,34.4,,0.0,,0.0,,0.0,,0.0,ONTARIO,5051,71266,112.5,1840,2017,1953,1969,1840,2017,1840,2006
-79.40,43.67,TORONTO,6158350,1900-02-02,1900,02,02,,-8.9,,-16.1,,-12.5,,30.5,,0.0,,0.0,,0.0,,0.0,ONTARIO,5051,71266,112.5,1840,2017,1953,1969,1840,2017,1840,2006
-79.40,43.67,TORONTO,6158350,1900-02-03,1900,02,03,,-4.4,,-13.3,,-8.9,,26.9,,0.0,,0.0,,0.0,T,0.0,ONTARIO,5051,71266,112.5,1840,2017,1953,1969,1840,2017,1840,2006
-79.40,43.67,TORONTO,6158350,1900-02-04,1900,02,04,,-2.8,,-5.6,,-4.2,,22.2,,0.0,,0.0,,15.2,,15.2,ONTARIO,5051,71266,112.5,1840,2017,1953,1969,1840,2017,1840,2006
-79.40,43.67,TORONTO,6158350,1900-02-05,1900,02,05,,-5.0,,-15.6,,-10.3,,28.3,,0.0,,0.0,,2.5,,2.5,ONTARIO,5051,71266,112.5,1840,2017,1953,1969,1840,2017,1840,2006
-79.40,43.67,TORONTO,6158350,1900-02-06,1900,02,06,,1.1,,-10.0,,-4.5,,22.5,,0.0,,0.0,,0.0,,0.0,ONTARIO,5051,71266,112.5,1840,2017,1953,1969,1840,2017,1840,2006
-79.40,43.67,TORONTO,6158350,1900-02-07,1900,02,07,,4.4,,-10.0,,-2.8,,20.8,,0.0,,2.3,,0.0,,2.3,ONTARIO,5051,71266,112.5,1840,2017,1953,1969,1840,2017,1840,2006
-79.40,43.67,TORONTO,6158350,1900-02-08,1900,02,08,,9.4,,2.8,,6.1,,11.9,,0.0,,16.0,,0.0,,16.0,ONTARIO,5051,71266,112.5,1840,2017,1953,1969,1840,2017,1840,2006
-79.40,43.67,TORONTO,6158350,1900-02-09,1900,02,09,,8.9,,-6.1,,1.4,,16.6,,0.0,,2.0,,0.0,T,2.0,ONTARIO,5051,71266,112.5,1840,2017,1953,1969,1840,2017,1840,2006
-79.40,43.67,TORONTO,6158350,1900-02-10,1900,02,10,,-0.6,,-8.3,,-4.5,,22.5,,0.0,,0.0,,0.0,,0.0,ONTARIO,5051,71266,112.5,1840,2017,1953,1969,1840,2017,1840,2006
-79.40,43.67,TORONTO,6158350,1900-02-11,1900,02,11,,3.9,,-6.7,,-1.4,,19.4,,0.0,,0.0,,0.0,,0.0,ONTARIO,5051,71266,112.5,1840,2017,1953,1969,1840,2017,1840,2006
-79.40,43.67,TORONTO,6158350,1900-02-12,1900,02,12,,5.0,,-3.3,,0.9,,17.1,,0.0,,9.1,,0.0,,9.1,ONTARIO,5051,71266,112.5,1840,2017,1953,1969,1840,2017,1840,2006
-79.40,43.67,TORONTO,6158350,1900-02-13,1900,02,13,,5.6,,-5.6,,0.0,,18.0,,0.0,,9.7,,0.0,T,9.7,ONTARIO,5051,71266,112.5,1840,2017,1953,1969,1840,2017,1840,2006
-79.40,43.67,TORONTO,6158350,1900-02-14,1900,02,14,,-4.4,,-8.3,,-6.4,,24.4,,0.0,,0.0,,0.0,,0.0,ONTARIO,5051,71266,112.5,1840,2017,1953,1969,1840,2017,1840,2006
-79.40,43.67,TORONTO,6158350,1900-02-15,1900,02,15,,-3.9,,-11.1,,-7.5,,25.5,,0.0,,0.0,,3.0,,3.0,ONTARIO,5051,71266,112.5,1840,2017,1953,1969,1840,2017,1840,2006
-79.40,43.67,TORONTO,6158350,1900-02-16,1900,02,16,,-7.8,,-15.6,,-11.7,,29.7,,0.0,,0.0,,0.0,,0.0,ONTARIO,5051,71266,112.5,1840,2017,1953,1969,1840,2017,1840,2006
-79.40,43.67,TORONTO,6158350,1900-02-17,1900,02,17,,-6.7,,-15.0,,-10.9,,28.9,,0.0,,0.0,,0.0,,0.0,ONTARIO,5051,71266,112.5,1840,2017,1953,1969,1840,2017,1840,2006
-79.40,43.67,TORONTO,6158350,1900-02-18,1900,02,18,,-6.7,,-13.3,,-10.0,,28.0,,0.0,,0.0,,0.0,T,0.0,ONTARIO,5051,71266,112.5,1840,2017,1953,1969,1840,2017,1840,2006
-79.40,43.67,TORONTO,6158350,1900-02-19,1900,02,19,,-6.1,,-15.0,,-10.6,,28.6,,0.0,,0.0,,0.0,,0.0,ONTARIO,5051,71266,112.5,1840,2017,1953,1969,1840,2017,1840,2006
-79.40,43.67,TORONTO,6158350,1900-02-20,1900,02,20,,-3.3,,-13.3,,-8.3,,26.3,,0.0,,0.0,,0.0,,0.0,ONTARIO,5051,71266,112.5,1840,2017,1953,1969,1840,2017,1840,2006
-79.40,43.67,TORONTO,6158350,1900-02-21,1900,02,21,,0.0,,-6.7,,-3.4,,21.4,,0.0,,0.0,,7.6,,7.6,ONTARIO,5051,71266,112.5,1840,2017,1953,1969,1840,2017,1840,2006
-79.40,43.67,TORONTO,6158350,1900-02-22,1900,02,22,,1.7,,-2.2,,-0.3,,18.3,,0.0,,8.9,,20.6,,29.5,ONTARIO,5051,71266,112.5,1840,2017,1953,1969,1840,2017,1840,2006
-79.40,43.67,TORONTO,6158350,1900-02-23,1900,02,23,,1.1,,-1.1,,0.0,,18.0,,0.0,,0.0,,0.0,,0.0,ONTARIO,5051,71266,112.5,1840,2017,1953,1969,1840,2017,1840,2006
-79.40,43.67,TORONTO,6158350,1900-02-24,1900,02,24,,2.2,,-11.7,,-4.8,,22.8,,0.0,,6.4,,3.3,,9.7,ONTARIO,5051,71266,112.5,1840,2017,1953,1969,1840,2017,1840,2006
-79.40,43.67,TORONTO,6158350,1900-02-25,1900,02,25,,-11.7,,-17.2,,-14.5,,32.5,,0.0,,0.0,,0.3,,0.3,ONTARIO,5051,71266,112.5,1840,2017,1953,1969,1840,2017,1840,2006
-79.40,43.67,TORONTO,6158350,1900-02-26,1900,02,26,,-13.9,,-23.3,,-18.6,,36.6,,0.0,,0.0,,0.0,,0.0,ONTARIO,5051,71266,112.5,1840,2017,1953,1969,1840,2017,1840,2006
-79.40,43.67,TORONTO,6158350,1900-02-27,1900,02,27,,-8.3,,-21.7,,-15.0,,33.0,,0.0,,0.0,,0.0,,0.0,ONTARIO,5051,71266,112.5,1840,2017,1953,1969,1840,2017,1840,2006
-79.40,43.67,TORONTO,6158350,1900-02-28,1900,02,28,,-3.3,,-14.4,,-8.9,,26.9,,0.0,,0.0,,25.4,,25.4,ONTARIO,5051,71266,112.5,1840,2017,1953,1969,1840,2017,1840,2006
-79.40,43.67,TORONTO,6158350,1900-03-01,1900,03,01,,-3.9,,-7.8,,-5.9,,23.9,,0.0,,0.0,,19.8,,19.8,ONTARIO,5051,71266,112.5,1840,2017,1953,1969,1840,2017,1840,2006
-79.40,43.67,TORONTO,6158350,1900-03-02,1900,03,02,,-2.8,,-7.8,,-5.3,,23.3,,0.0,,0.0,,0.5,,0.5,ONTARIO,5051,71266,112.5,1840,2017,1953,1969,1840,2017,1840,2006
-79.40,43.67,TORONTO,6158350,1900-03-03,1900,03,03,,1.1,,-7.2,,-3.1,,21.1,,0.0,,0.0,,0.0,,0.0,ONTARIO,5051,71266,112.5,1840,2017,1953,1969,1840,2017,1840,2006
-79.40,43.67,TORONTO,6158350,1900-03-04,1900,03,04,,-1.7,,-11.1,,-6.4,,24.4,,0.0,,0.0,,2.0,,2.0,ONTARIO,5051,71266,112.5,1840,2017,1953,1969,1840,2017,1840,2006
-79.40,43.67,TORONTO,6158350,1900-03-05,1900,03,05,,-9.4,,-19.4,,-14.4,,32.4,,0.0,,0.0,,15.5,,15.5,ONTARIO,5051,71266,112.5,1840,2017,1953,1969,1840,2017,1840,2006
-79.40,43.67,TORONTO,6158350,1900-03-06,1900,03,06,,6.7,,-9.4,,-1.4,,19.4,,0.0,,36.6,,0.0,,36.6,ONTARIO,5051,71266,112.5,1840,2017,1953,1969,1840,2017,1840,2006
-79.40,43.67,TORONTO,6158350,1900-03-07,1900,03,07,,-1.7,,-7.2,,-4.5,,22.5,,0.0,,0.0,,0.0,T,0.0,ONTARIO,5051,71266,112.5,1840,2017,1953,1969,1840,2017,1840,2006
-79.40,43.67,TORONTO,6158350,1900-03-08,1900,03,08,,0.0,,-14.4,,-7.2,,25.2,,0.0,,0.0,,0.0,,0.0,ONTARIO,5051,71266,112.5,1840,2017,1953,1969,1840,2017,1840,2006
-79.40,43.67,TORONTO,6158350,1900-03-09,1900,03,09,,5.6,,-10.6,,-2.5,,20.5,,0.0,,4.1,,0.0,,4.1,ONTARIO,5051,71266,112.5,1840,2017,1953,1969,1840,2017,1840,2006
-79.40,43.67,TORONTO,6158350,1900-03-10,1900,03,10,,2.8,,-10.0,,-3.6,,21.6,,0.0,,0.0,,0.0,,0.0,ONTARIO,5051,71266,112.5,1840,2017,1953,1969,1840,2017,1840,2006
-79.40,43.67,TORONTO,6158350,1900-03-11,1900,03,11,,-8.9,,-15.6,,-12.3,,30.3,,0.0,,0.0,,0.0,,0.0,ONTARIO,5051,71266,112.5,1840,2017,1953,1969,1840,2017,1840,2006
-79.40,43.67,TORONTO,6158350,1900-03-12,1900,03,12,,-5.6,,-18.9,,-12.3,,30.3,,0.0,,0.0,,0.0,,0.0,ONTARIO,5051,71266,112.5,1840,2017,1953,1969,1840,2017,1840,2006
-79.40,43.67,TORONTO,6158350,1900-03-13,1900,03,13,,3.9,,-6.1,,-1.1,,19.1,,0.0,,0.0,,0.0,,0.0,ONTARIO,5051,71266,112.5,1840,2017,1953,1969,1840,2017,1840,2006
-79.40,43.67,TORONTO,6158350,1900-03-14,1900,03,14,,-4.4,,-16.7,,-10.6,,28.6,,0.0,,0.0,,0.0,,0.0,ONTARIO,5051,71266,112.5,1840,2017,1953,1969,1840,2017,1840,2006
-79.40,43.67,TORONTO,6158350,1900-03-15,1900,03,15,,-7.2,,-18.9,,-13.1,,31.1,,0.0,,0.0,,0.0,T,0.0,ONTARIO,5051,71266,112.5,1840,2017,1953,1969,1840,2017,1840,2006
-79.40,43.67,TORONTO,6158350,1900-03-16,1900,03,16,,-5.6,,-16.7,,-11.2,,29.2,,0.0,,0.0,,0.0,T,0.0,ONTARIO,5051,71266,112.5,1840,2017,1953,1969,1840,2017,1840,2006
-79.40,43.67,TORONTO,6158350,1900-03-17,1900,03,17,,-8.9,,-15.0,,-12.0,,30.0,,0.0,,0.0,,0.5,,0.5,ONTARIO,5051,71266,112.5,1840,2017,1953,1969,1840,2017,1840,2006
-79.40,43.67,TORONTO,6158350,1900-03-18,1900,03,18,,0.0,,-14.4,,-7.2,,25.2,,0.0,,0.0,,6.6,,6.6,ONTARIO,5051,71266,112.5,1840,2017,1953,1969,1840,2017,1840,2006
-79.40,43.67,TORONTO,6158350,1900-03-19,1900,03,19,,6.7,,-0.6,,3.1,,14.9,,0.0,,0.5,,0.0,,0.5,ONTARIO,5051,71266,112.5,1840,2017,1953,1969,1840,2017,1840,2006
-79.40,43.67,TORONTO,6158350,1900-03-20,1900,03,20,,2.8,,-3.9,,-0.6,,18.6,,0.0,,0.0,,0.5,,0.5,ONTARIO,5051,71266,112.5,1840,2017,1953,1969,1840,2017,1840,2006
-79.40,43.67,TORONTO,6158350,1900-03-21,1900,03,21,,-1.7,,-8.9,,-5.3,,23.3,,0.0,,0.0,,0.5,,0.5,ONTARIO,5051,71266,112.5,1840,2017,1953,1969,1840,2017,1840,2006
-79.40,43.67,TORONTO,6158350,1900-03-22,1900,03,22,,5.6,,-5.0,,0.3,,17.7,,0.0,,0.0,,0.0,T,0.0,ONTARIO,5051,71266,112.5,1840,2017,1953,1969,1840,2017,1840,2006
-79.40,43.67,TORONTO,6158350,1900-03-23,1900,03,23,,3.3,,-5.0,,-0.9,,18.9,,0.0,,0.0,,0.0,,0.0,ONTARIO,5051,71266,112.5,1840,2017,1953,1969,1840,2017,1840,2006
-79.40,43.67,TORONTO,6158350,1900-03-24,1900,03,24,,-1.7,,-8.3,,-5.0,,23.0,,0.0,,0.0,,0.0,,0.0,ONTARIO,5051,71266,112.5,1840,2017,1953,1969,1840,2017,1840,2006
-79.40,43.67,TORONTO,6158350,1900-03-25,1900,03,25,,0.0,,-9.4,,-4.7,,22.7,,0.0,,0.0,,0.0,,0.0,ONTARIO,5051,71266,112.5,1840,2017,1953,1969,1840,2017,1840,2006
-79.40,43.67,TORONTO,6158350,1900-03-26,1900,03,26,,-0.6,,-5.6,,-3.1,,21.1,,0.0,,0.0,,0.5,,0.5,ONTARIO,5051,71266,112.5,1840,2017,1953,1969,1840,2017,1840,2006
-79.40,43.67,TORONTO,6158350,1900-03-27,1900,03,27,,3.3,,-3.9,,-0.3,,18.3,,0.0,,0.0,,0.0,,0.0,ONTARIO,5051,71266,112.5,1840,2017,1953,1969,1840,2017,1840,2006
-79.40,43.67,TORONTO,6158350,1900-03-28,1900,03,28,,2.8,,-4.4,,-0.8,,18.8,,0.0,,0.0,,0.0,,0.0,ONTARIO,5051,71266,112.5,1840,2017,1953,1969,1840,2017,1840,2006
-79.40,43.67,TORONTO,6158350,1900-03-29,1900,03,29,,3.9,,-1.7,,1.1,,16.9,,0.0,,0.0,,0.0,,0.0,ONTARIO,5051,71266,112.5,1840,2017,1953,1969,1840,2017,1840,2006
-79.40,43.67,TORONTO,6158350,1900-03-30,1900,03,30,,3.9,,-2.8,,0.6,,17.4,,0.0,,0.0,,0.0,,0.0,ONTARIO,5051,71266,112.5,1840,2017,1953,1969,1840,2017,1840,2006
-79.40,43.67,TORONTO,6158350,1900-03-31,1900,03,31,,4.4,,-2.2,,1.1,,16.9,,0.0,,0.0,,0.0,,0.0,ONTARIO,5051,71266,112.5,1840,2017,1953,1969,1840,2017,1840,2006
-79.40,43.67,TORONTO,6158350,1900-04-01,1900,04,01,,10.0,,-1.1,,4.5,,13.5,,0.0,,0.0,,0.0,,0.0,ONTARIO,5051,71266,112.5,1840,2017,1953,1969,1840,2017,1840,2006
-79.40,43.67,TORONTO,6158350,1900-04-02,1900,04,02,,6.7,,1.7,,4.2,,13.8,,0.0,,5.1,,0.0,,5.1,ONTARIO,5051,71266,112.5,1840,2017,1953,1969,1840,2017,1840,2006
-79.40,43.67,TORONTO,6158350,1900-04-03,1900,04,03,,7.8,,0.0,,3.9,,14.1,,0.0,,0.0,,0.0,,0.0,ONTARIO,5051,71266,112.5,1840,2017,1953,1969,1840,2017,1840,2006
-79.40,43.67,TORONTO,6158350,1900-04-04,1900,04,04,,3.3,,-3.3,,0.0,,18.0,,0.0,,0.0,,0.0,,0.0,ONTARIO,5051,71266,112.5,1840,2017,1953,1969,1840,2017,1840,2006
-79.40,43.67,TORONTO,6158350,1900-04-05,1900,04,05,,12.8,,-1.1,,5.9,,12.1,,0.0,,0.0,,0.0,,0.0,ONTARIO,5051,71266,112.5,1840,2017,1953,1969,1840,2017,1840,2006
-79.40,43.67,TORONTO,6158350,1900-04-06,1900,04,06,,10.6,,5.0,,7.8,,10.2,,0.0,,3.6,,0.0,,3.6,ONTARIO,5051,71266,112.5,1840,2017,1953,1969,1840,2017,1840,2006
-79.40,43.67,TORONTO,6158350,1900-04-07,1900,04,07,,14.4,,4.4,,9.4,,8.6,,0.0,,1.0,,0.0,,1.0,ONTARIO,5051,71266,112.5,1840,2017,1953,1969,1840,2017,1840,2006
-79.40,43.67,TORONTO,6158350,1900-04-08,1900,04,08,,8.9,,1.1,,5.0,,13.0,,0.0,,0.0,,0.0,,0.0,ONTARIO,5051,71266,112.5,1840,2017,1953,1969,1840,2017,1840,2006
-79.40,43.67,TORONTO,6158350,1900-04-09,1900,04,09,,2.2,,-6.1,,-2.0,,20.0,,0.0,,0.0,,0.0,,0.0,ONTARIO,5051,71266,112.5,1840,2017,1953,1969,1840,2017,1840,2006
-79.40,43.67,TORONTO,6158350,1900-04-10,1900,04,10,,1.1,,-4.4,,-1.7,,19.7,,0.0,,0.0,,0.0,T,0.0,ONTARIO,5051,71266,112.5,1840,2017,1953,1969,1840,2017,1840,2006
-79.40,43.67,TORONTO,6158350,1900-04-11,1900,04,11,,6.7,,-3.9,,1.4,,16.6,,0.0,,1.5,,0.0,,1.5,ONTARIO,5051,71266,112.5,1840,2017,1953,1969,1840,2017,1840,2006
-79.40,43.67,TORONTO,6158350,1900-04-12,1900,04,12,,5.0,,2.2,,3.6,,14.4,,0.0,,6.1,,0.0,,6.1,ONTARIO,5051,71266,112.5,1840,2017,1953,1969,1840,2017,1840,2006
-79.40,43.67,TORONTO,6158350,1900-04-13,1900,04,13,,5.6,,0.0,,2.8,,15.2,,0.0,,0.0,,0.0,T,0.0,ONTARIO,5051,71266,112.5,1840,2017,1953,1969,1840,2017,1840,2006
-79.40,43.67,TORONTO,6158350,1900-04-14,1900,04,14,,10.6,,-0.6,,5.0,,13.0,,0.0,,0.0,,0.0,,0.0,ONTARIO,5051,71266,112.5,1840,2017,1953,1969,1840,2017,1840,2006
-79.40,43.67,TORONTO,6158350,1900-04-15,1900,04,15,,12.8,,1.1,,7.0,,11.0,,0.0,,0.0,,0.0,,0.0,ONTARIO,5051,71266,112.5,1840,2017,1953,1969,1840,2017,1840,2006
-79.40,43.67,TORONTO,6158350,1900-04-16,1900,04,16,,13.3,,1.7,,7.5,,10.5,,0.0,,1.3,,0.0,,1.3,ONTARIO,5051,71266,112.5,1840,2017,1953,1969,1840,2017,1840,2006
-79.40,43.67,TORONTO,6158350,1900-04-17,1900,04,17,,10.0,,5.6,,7.8,,10.2,,0.0,,13.0,,0.0,,13.0,ONTARIO,5051,71266,112.5,1840,2017,1953,1969,1840,2017,1840,2006
-79.40,43.67,TORONTO,6158350,1900-04-18,1900,04,18,,20.6,,7.8,,14.2,,3.8,,0.0,,9.1,,0.0,,9.1,ONTARIO,5051,71266,112.5,1840,2017,1953,1969,1840,2017,1840,2006
-79.40,43.67,TORONTO,6158350,1900-04-19,1900,04,19,,15.0,,6.7,,10.9,,7.1,,0.0,,0.0,,0.0,,0.0,ONTARIO,5051,71266,112.5,1840,2017,1953,1969,1840,2017,1840,2006
-79.40,43.67,TORONTO,6158350,1900-04-20,1900,04,20,,13.3,,1.7,,7.5,,10.5,,0.0,,0.0,,0.0,,0.0,ONTARIO,5051,71266,112.5,1840,2017,1953,1969,1840,2017,1840,2006
-79.40,43.67,TORONTO,6158350,1900-04-21,1900,04,21,,17.2,,5.0,,11.1,,6.9,,0.0,,4.6,,0.0,,4.6,ONTARIO,5051,71266,112.5,1840,2017,1953,1969,1840,2017,1840,2006
-79.40,43.67,TORONTO,6158350,1900-04-22,1900,04,22,,18.3,,6.7,,12.5,,5.5,,0.0,,1.0,,0.0,,1.0,ONTARIO,5051,71266,112.5,1840,2017,1953,1969,1840,2017,1840,2006
-79.40,43.67,TORONTO,6158350,1900-04-23,1900,04,23,,21.1,,7.8,,14.5,,3.5,,0.0,,0.0,,0.0,,0.0,ONTARIO,5051,71266,112.5,1840,2017,1953,1969,1840,2017,1840,2006
-79.40,43.67,TORONTO,6158350,1900-04-24,1900,04,24,,16.7,,7.2,,12.0,,6.0,,0.0,,0.0,,0.0,,0.0,ONTARIO,5051,71266,112.5,1840,2017,1953,1969,1840,2017,1840,2006
-79.40,43.67,TORONTO,6158350,1900-04-25,1900,04,25,,13.3,,4.4,,8.9,,9.1,,0.0,,0.0,,0.0,,0.0,ONTARIO,5051,71266,112.5,1840,2017,1953,1969,1840,2017,1840,2006
-79.40,43.67,TORONTO,6158350,1900-04-26,1900,04,26,,19.4,,4.4,,11.9,,6.1,,0.0,,0.0,,0.0,,0.0,ONTARIO,5051,71266,112.5,1840,2017,1953,1969,1840,2017,1840,2006
-79.40,43.67,TORONTO,6158350,1900-04-27,1900,04,27,,17.8,,5.6,,11.7,,6.3,,0.0,,0.0,,0.0,,0.0,ONTARIO,5051,71266,112.5,1840,2017,1953,1969,1840,2017,1840,2006
-79.40,43.67,TORONTO,6158350,1900-04-28,1900,04,28,,19.4,,6.1,,12.8,,5.2,,0.0,,0.0,,0.0,,0.0,ONTARIO,5051,71266,112.5,1840,2017,1953,1969,1840,2017,1840,2006
-79.40,43.67,TORONTO,6158350,1900-04-29,1900,04,29,,20.0,,4.4,,12.2,,5.8,,0.0,,0.0,T,0.0,,0.0,ONTARIO,5051,71266,112.5,1840,2017,1953,1969,1840,2017,1840,2006
-79.40,43.67,TORONTO,6158350,1900-04-30,1900,04,30,,16.7,,6.7,,11.7,,6.3,,0.0,,0.3,,0.0,,0.3,ONTARIO,5051,71266,112.5,1840,2017,1953,1969,1840,2017,1840,2006
-79.40,43.67,TORONTO,6158350,1900-05-01,1900,05,01,,13.3,,2.2,,7.8,,10.2,,0.0,,0.0,,0.0,,0.0,ONTARIO,5051,71266,112.5,1840,2017,1953,1969,1840,2017,1840,2006
-79.40,43.67,TORONTO,6158350,1900-05-02,1900,05,02,,22.8,,2.2,,12.5,,5.5,,0.0,,0.0,,0.0,,0.0,ONTARIO,5051,71266,112.5,1840,2017,1953,1969,1840,2017,1840,2006
-79.40,43.67,TORONTO,6158350,1900-05-03,1900,05,03,,15.6,,3.3,,9.5,,8.5,,0.0,,0.0,T,0.0,,0.0,ONTARIO,5051,71266,112.5,1840,2017,1953,1969,1840,2017,1840,2006
-79.40,43.67,TORONTO,6158350,1900-05-04,1900,05,04,,9.4,,0.0,,4.7,,13.3,,0.0,,0.0,T,0.0,T,0.0,ONTARIO,5051,71266,112.5,1840,2017,1953,1969,1840,2017,1840,2006
-79.40,43.67,TORONTO,6158350,1900-05-05,1900,05,05,,12.8,,-0.6,,6.1,,11.9,,0.0,,0.0,,0.0,,0.0,ONTARIO,5051,71266,112.5,1840,2017,1953,1969,1840,2017,1840,2006
-79.40,43.67,TORONTO,6158350,1900-05-06,1900,05,06,,14.4,,2.8,,8.6,,9.4,,0.0,,0.0,T,0.0,,0.0,ONTARIO,5051,71266,112.5,1840,2017,1953,1969,1840,2017,1840,2006
-79.40,43.67,TORONTO,6158350,1900-05-07,1900,05,07,,12.2,,-0.6,,5.8,,12.2,,0.0,,0.0,T,0.0,,0.0,ONTARIO,5051,71266,112.5,1840,2017,1953,1969,1840,2017,1840,2006
-79.40,43.67,TORONTO,6158350,1900-05-08,1900,05,08,,23.9,,4.4,,14.2,,3.8,,0.0,,16.8,,0.0,,16.8,ONTARIO,5051,71266,112.5,1840,2017,1953,1969,1840,2017,1840,2006
-79.40,43.67,TORONTO,6158350,1900-05-09,1900,05,09,,11.7,,2.2,,7.0,,11.0,,0.0,,0.0,,0.0,,0.0,ONTARIO,5051,71266,112.5,1840,2017,1953,1969,1840,2017,1840,2006
-79.40,43.67,TORONTO,6158350,1900-05-10,1900,05,10,,12.2,,-0.6,,5.8,,12.2,,0.0,,0.0,,0.0,,0.0,ONTARIO,5051,71266,112.5,1840,2017,1953,1969,1840,2017,1840,2006
-79.40,43.67,TORONTO,6158350,1900-05-11,1900,05,11,,11.7,,0.6,,6.2,,11.8,,0.0,,0.0,,0.0,,0.0,ONTARIO,5051,71266,112.5,1840,2017,1953,1969,1840,2017,1840,2006
-79.40,43.67,TORONTO,6158350,1900-05-12,1900,05,12,,16.1,,0.6,,8.4,,9.6,,0.0,,0.0,T,0.0,,0.0,ONTARIO,5051,71266,112.5,1840,2017,1953,1969,1840,2017,1840,2006
-79.40,43.67,TORONTO,6158350,1900-05-13,1900,05,13,,23.9,,7.2,,15.6,,2.4,,0.0,,0.0,T,0.0,,0.0,ONTARIO,5051,71266,112.5,1840,2017,1953,1969,1840,2017,1840,2006
-79.40,43.67,TORONTO,6158350,1900-05-14,1900,05,14,,30.6,,13.9,,22.3,,0.0,,4.3,,0.0,,0.0,,0.0,ONTARIO,5051,71266,112.5,1840,2017,1953,1969,1840,2017,1840,2006
-79.40,43.67,TORONTO,6158350,1900-05-15,1900,05,15,,29.4,,15.0,,22.2,,0.0,,4.2,,0.0,,0.0,,0.0,ONTARIO,5051,71266,112.5,1840,2017,1953,1969,1840,2017,1840,2006
-79.40,43.67,TORONTO,6158350,1900-05-16,1900,05,16,,15.6,,11.1,,13.4,,4.6,,0.0,,0.0,,0.0,,0.0,ONTARIO,5051,71266,112.5,1840,2017,1953,1969,1840,2017,1840,2006
-79.40,43.67,TORONTO,6158350,1900-05-17,1900,05,17,,17.8,,10.6,,14.2,,3.8,,0.0,,0.3,,0.0,,0.3,ONTARIO,5051,71266,112.5,1840,2017,1953,1969,1840,2017,1840,2006
-79.40,43.67,TORONTO,6158350,1900-05-18,1900,05,18,,15.0,,10.6,,12.8,,5.2,,0.0,,2.0,,0.0,,2.0,ONTARIO,5051,71266,112.5,1840,2017,1953,1969,1840,2017,1840,2006
-79.40,43.67,TORONTO,6158350,1900-05-19,1900,05,19,,16.7,,6.1,,11.4,,6.6,,0.0,,0.0,,0.0,,0.0,ONTARIO,5051,71266,112.5,1840,2017,1953,1969,1840,2017,1840,2006
-79.40,43.67,TORONTO,6158350,1900-05-20,1900,05,20,,20.0,,8.3,,14.2,,3.8,,0.0,,0.0,,0.0,,0.0,ONTARIO,5051,71266,112.5,1840,2017,1953,1969,1840,2017,1840,2006
-79.40,43.67,TORONTO,6158350,1900-05-21,1900,05,21,,20.6,,7.8,,14.2,,3.8,,0.0,,0.0,,0.0,,0.0,ONTARIO,5051,71266,112.5,1840,2017,1953,1969,1840,2017,1840,2006
-79.40,43.67,TORONTO,6158350,1900-05-22,1900,05,22,,26.1,,7.8,,17.0,,1.0,,0.0,,0.0,,0.0,,0.0,ONTARIO,5051,71266,112.5,1840,2017,1953,1969,1840,2017,1840,2006
-79.40,43.67,TORONTO,6158350,1900-05-23,1900,05,23,,23.3,,8.9,,16.1,,1.9,,0.0,,0.0,,0.0,,0.0,ONTARIO,5051,71266,112.5,1840,2017,1953,1969,1840,2017,1840,2006
-79.40,43.67,TORONTO,6158350,1900-05-24,1900,05,24,,24.4,,11.7,,18.1,,0.0,,0.1,,0.0,,0.0,,0.0,ONTARIO,5051,71266,112.5,1840,2017,1953,1969,1840,2017,1840,2006
-79.40,43.67,TORONTO,6158350,1900-05-25,1900,05,25,,22.8,,10.6,,16.7,,1.3,,0.0,,0.0,,0.0,,0.0,ONTARIO,5051,71266,112.5,1840,2017,1953,1969,1840,2017,1840,2006
-79.40,43.67,TORONTO,6158350,1900-05-26,1900,05,26,,23.3,,7.2,,15.3,,2.7,,0.0,,0.0,,0.0,,0.0,ONTARIO,5051,71266,112.5,1840,2017,1953,1969,1840,2017,1840,2006
-79.40,43.67,TORONTO,6158350,1900-05-27,1900,05,27,,22.8,,9.4,,16.1,,1.9,,0.0,,1.5,,0.0,,1.5,ONTARIO,5051,71266,112.5,1840,2017,1953,1969,1840,2017,1840,2006
-79.40,43.67,TORONTO,6158350,1900-05-28,1900,05,28,,18.3,,10.6,,14.5,,3.5,,0.0,,0.0,,0.0,,0.0,ONTARIO,5051,71266,112.5,1840,2017,1953,1969,1840,2017,1840,2006
-79.40,43.67,TORONTO,6158350,1900-05-29,1900,05,29,,18.3,,9.4,,13.9,,4.1,,0.0,,0.5,,0.0,,0.5,ONTARIO,5051,71266,112.5,1840,2017,1953,1969,1840,2017,1840,2006
-79.40,43.67,TORONTO,6158350,1900-05-30,1900,05,30,,22.8,,9.4,,16.1,,1.9,,0.0,,4.3,,0.0,,4.3,ONTARIO,5051,71266,112.5,1840,2017,1953,1969,1840,2017,1840,2006
-79.40,43.67,TORONTO,6158350,1900-05-31,1900,05,31,,26.7,,12.2,,19.5,,0.0,,1.5,,0.0,,0.0,,0.0,ONTARIO,5051,71266,112.5,1840,2017,1953,1969,1840,2017,1840,2006
-79.40,43.67,TORONTO,6158350,1900-06-01,1900,06,01,,22.8,,13.3,,18.1,,0.0,,0.1,,31.0,,0.0,,31.0,ONTARIO,5051,71266,112.5,1840,2017,1953,1969,1840,2017,1840,2006
-79.40,43.67,TORONTO,6158350,1900-06-02,1900,06,02,,26.7,,14.4,,20.6,,0.0,,2.6,,11.4,,0.0,,11.4,ONTARIO,5051,71266,112.5,1840,2017,1953,1969,1840,2017,1840,2006
-79.40,43.67,TORONTO,6158350,1900-06-03,1900,06,03,,20.6,,11.1,,15.9,,2.1,,0.0,,0.3,,0.0,,0.3,ONTARIO,5051,71266,112.5,1840,2017,1953,1969,1840,2017,1840,2006
-79.40,43.67,TORONTO,6158350,1900-06-04,1900,06,04,,23.3,,8.3,,15.8,,2.2,,0.0,,0.0,,0.0,,0.0,ONTARIO,5051,71266,112.5,1840,2017,1953,1969,1840,2017,1840,2006
-79.40,43.67,TORONTO,6158350,1900-06-05,1900,06,05,,25.6,,10.6,,18.1,,0.0,,0.1,,0.0,,0.0,,0.0,ONTARIO,5051,71266,112.5,1840,2017,1953,1969,1840,2017,1840,2006
-79.40,43.67,TORONTO,6158350,1900-06-06,1900,06,06,,26.1,,11.7,,18.9,,0.0,,0.9,,0.0,,0.0,,0.0,ONTARIO,5051,71266,112.5,1840,2017,1953,1969,1840,2017,1840,2006
-79.40,43.67,TORONTO,6158350,1900-06-07,1900,06,07,,25.0,,13.9,,19.5,,0.0,,1.5,,5.1,,0.0,,5.1,ONTARIO,5051,71266,112.5,1840,2017,1953,1969,1840,2017,1840,2006
-79.40,43.67,TORONTO,6158350,1900-06-08,1900,06,08,,22.8,,15.6,,19.2,,0.0,,1.2,,0.0,T,0.0,,0.0,ONTARIO,5051,71266,112.5,1840,2017,1953,1969,1840,2017,1840,2006
-79.40,43.67,TORONTO,6158350,1900-06-09,1900,06,09,,20.6,,12.2,,16.4,,1.6,,0.0,,0.0,,0.0,,0.0,ONTARIO,5051,71266,112.5,1840,2017,1953,1969,1840,2017,1840,2006
-79.40,43.67,TORONTO,6158350,1900-06-10,1900,06,10,,21.1,,8.3,,14.7,,3.3,,0.0,,0.0,,0.0,,0.0,ONTARIO,5051,71266,112.5,1840,2017,1953,1969,1840,2017,1840,2006
-79.40,43.67,TORONTO,6158350,1900-06-11,1900,06,11,,26.1,,12.8,,19.5,,0.0,,1.5,,0.0,T,0.0,,0.0,ONTARIO,5051,71266,112.5,1840,2017,1953,1969,1840,2017,1840,2006
-79.40,43.67,TORONTO,6158350,1900-06-12,1900,06,12,,20.6,,8.9,,14.8,,3.2,,0.0,,0.0,,0.0,,0.0,ONTARIO,5051,71266,112.5,1840,2017,1953,1969,1840,2017,1840,2006
-79.40,43.67,TORONTO,6158350,1900-06-13,1900,06,13,,23.3,,10.6,,17.0,,1.0,,0.0,,2.5,,0.0,,2.5,ONTARIO,5051,71266,112.5,1840,2017,1953,1969,1840,2017,1840,2006
-79.40,43.67,TORONTO,6158350,1900-06-14,1900,06,14,,24.4,,13.9,,19.2,,0.0,,1.2,,4.3,,0.0,,4.3,ONTARIO,5051,71266,112.5,1840,2017,1953,1969,1840,2017,1840,2006
-79.40,43.67,TORONTO,6158350,1900-06-15,1900,06,15,,22.8,,10.0,,16.4,,1.6,,0.0,,0.0,,0.0,,0.0,ONTARIO,5051,71266,112.5,1840,2017,1953,1969,1840,2017,1840,2006
-79.40,43.67,TORONTO,6158350,1900-06-16,1900,06,16,,25.6,,10.6,,18.1,,0.0,,0.1,,0.0,,0.0,,0.0,ONTARIO,5051,71266,112.5,1840,2017,1953,1969,1840,2017,1840,2006
-79.40,43.67,TORONTO,6158350,1900-06-17,1900,06,17,,22.2,,11.7,,17.0,,1.0,,0.0,,0.0,,0.0,,0.0,ONTARIO,5051,71266,112.5,1840,2017,1953,1969,1840,2017,1840,2006
-79.40,43.67,TORONTO,6158350,1900-06-18,1900,06,18,,22.2,,12.8,,17.5,,0.5,,0.0,,0.0,,0.0,,0.0,ONTARIO,5051,71266,112.5,1840,2017,1953,1969,1840,2017,1840,2006
-79.40,43.67,TORONTO,6158350,1900-06-19,1900,06,19,,23.3,,12.8,,18.1,,0.0,,0.1,,0.0,,0.0,,0.0,ONTARIO,5051,71266,112.5,1840,2017,1953,1969,1840,2017,1840,2006
-79.40,43.67,TORONTO,6158350,1900-06-20,1900,06,20,,26.7,,12.2,,19.5,,0.0,,1.5,,0.0,,0.0,,0.0,ONTARIO,5051,71266,112.5,1840,2017,1953,1969,1840,2017,1840,2006
-79.40,43.67,TORONTO,6158350,1900-06-21,1900,06,21,,26.7,,11.1,,18.9,,0.0,,0.9,,0.0,,0.0,,0.0,ONTARIO,5051,71266,112.5,1840,2017,1953,1969,1840,2017,1840,2006
-79.40,43.67,TORONTO,6158350,1900-06-22,1900,06,22,,20.6,,14.4,,17.5,,0.5,,0.0,,5.6,,0.0,,5.6,ONTARIO,5051,71266,112.5,1840,2017,1953,1969,1840,2017,1840,2006
-79.40,43.67,TORONTO,6158350,1900-06-23,1900,06,23,,23.9,,12.8,,18.4,,0.0,,0.4,,0.0,,0.0,,0.0,ONTARIO,5051,71266,112.5,1840,2017,1953,1969,1840,2017,1840,2006
-79.40,43.67,TORONTO,6158350,1900-06-24,1900,06,24,,31.7,,12.2,,22.0,,0.0,,4.0,,0.0,,0.0,,0.0,ONTARIO,5051,71266,112.5,1840,2017,1953,1969,1840,2017,1840,2006
-79.40,43.67,TORONTO,6158350,1900-06-25,1900,06,25,,29.4,,18.3,,23.9,,0.0,,5.9,,0.0,,0.0,,0.0,ONTARIO,5051,71266,112.5,1840,2017,1953,1969,1840,2017,1840,2006
-79.40,43.67,TORONTO,6158350,1900-06-26,1900,06,26,,28.9,,13.9,,21.4,,0.0,,3.4,,0.0,T,0.0,,0.0,ONTARIO,5051,71266,112.5,1840,2017,1953,1969,1840,2017,1840,2006
-79.40,43.67,TORONTO,6158350,1900-06-27,1900,06,27,,28.9,,20.0,,24.5,,0.0,,6.5,,0.0,,0.0,,0.0,ONTARIO,5051,71266,112.5,1840,2017,1953,1969,1840,2017,1840,2006
-79.40,43.67,TORONTO,6158350,1900-06-28,1900,06,28,,26.1,,15.0,,20.6,,0.0,,2.6,,1.0,,0.0,,1.0,ONTARIO,5051,71266,112.5,1840,2017,1953,1969,1840,2017,1840,2006
-79.40,43.67,TORONTO,6158350,1900-06-29,1900,06,29,,22.2,,11.7,,17.0,,1.0,,0.0,,0.5,,0.0,,0.5,ONTARIO,5051,71266,112.5,1840,2017,1953,1969,1840,2017,1840,2006
-79.40,43.67,TORONTO,6158350,1900-06-30,1900,06,30,,20.6,,6.7,,13.7,,4.3,,0.0,,0.0,,0.0,,0.0,ONTARIO,5051,71266,112.5,1840,2017,1953,1969,1840,2017,1840,2006
-79.40,43.67,TORONTO,6158350,1900-07-01,1900,07,01,,22.2,,8.9,,15.6,,2.4,,0.0,,0.0,,0.0,,0.0,ONTARIO,5051,71266,112.5,1840,2017,1953,1969,1840,2017,1840,2006
-79.40,43.67,TORONTO,6158350,1900-07-02,1900,07,02,,21.1,,10.0,,15.6,,2.4,,0.0,,0.0,,0.0,,0.0,ONTARIO,5051,71266,112.5,1840,2017,1953,1969,1840,2017,1840,2006
-79.40,43.67,TORONTO,6158350,1900-07-03,1900,07,03,,31.1,,14.4,,22.8,,0.0,,4.8,,0.0,,0.0,,0.0,ONTARIO,5051,71266,112.5,1840,2017,1953,1969,1840,2017,1840,2006
-79.40,43.67,TORONTO,6158350,1900-07-04,1900,07,04,,26.7,,19.4,,23.1,,0.0,,5.1,,18.3,,0.0,,18.3,ONTARIO,5051,71266,112.5,1840,2017,1953,1969,1840,2017,1840,2006
-79.40,43.67,TORONTO,6158350,1900-07-05,1900,07,05,,23.3,,16.7,,20.0,,0.0,,2.0,,0.3,,0.0,,0.3,ONTARIO,5051,71266,112.5,1840,2017,1953,1969,1840,2017,1840,2006
-79.40,43.67,TORONTO,6158350,1900-07-06,1900,07,06,,35.0,,15.0,,25.0,,0.0,,7.0,,0.0,,0.0,,0.0,ONTARIO,5051,71266,112.5,1840,2017,1953,1969,1840,2017,1840,2006
-79.40,43.67,TORONTO,6158350,1900-07-07,1900,07,07,,32.2,,20.6,,26.4,,0.0,,8.4,,0.0,,0.0,,0.0,ONTARIO,5051,71266,112.5,1840,2017,1953,1969,1840,2017,1840,2006
-79.40,43.67,TORONTO,6158350,1900-07-08,1900,07,08,,26.1,,16.7,,21.4,,0.0,,3.4,,5.1,,0.0,,5.1,ONTARIO,5051,71266,112.5,1840,2017,1953,1969,1840,2017,1840,2006
-79.40,43.67,TORONTO,6158350,1900-07-09,1900,07,09,,18.3,,12.8,,15.6,,2.4,,0.0,,5.1,,0.0,,5.1,ONTARIO,5051,71266,112.5,1840,2017,1953,1969,1840,2017,1840,2006
-79.40,43.67,TORONTO,6158350,1900-07-10,1900,07,10,,23.3,,11.7,,17.5,,0.5,,0.0,,0.0,,0.0,,0.0,ONTARIO,5051,71266,112.5,1840,2017,1953,1969,1840,2017,1840,2006
-79.40,43.67,TORONTO,6158350,1900-07-11,1900,07,11,,25.0,,15.6,,20.3,,0.0,,2.3,,4.1,,0.0,,4.1,ONTARIO,5051,71266,112.5,1840,2017,1953,1969,1840,2017,1840,2006
-79.40,43.67,TORONTO,6158350,1900-07-12,1900,07,12,,22.8,,11.1,,17.0,,1.0,,0.0,,0.0,,0.0,,0.0,ONTARIO,5051,71266,112.5,1840,2017,1953,1969,1840,2017,1840,2006
-79.40,43.67,TORONTO,6158350,1900-07-13,1900,07,13,,27.8,,13.9,,20.9,,0.0,,2.9,,0.0,,0.0,,0.0,ONTARIO,5051,71266,112.5,1840,2017,1953,1969,1840,2017,1840,2006
-79.40,43.67,TORONTO,6158350,1900-07-14,1900,07,14,,26.1,,13.9,,20.0,,0.0,,2.0,,0.0,T,0.0,,0.0,ONTARIO,5051,71266,112.5,1840,2017,1953,1969,1840,2017,1840,2006
-79.40,43.67,TORONTO,6158350,1900-07-15,1900,07,15,,30.0,,16.1,,23.1,,0.0,,5.1,,3.3,,0.0,,3.3,ONTARIO,5051,71266,112.5,1840,2017,1953,1969,1840,2017,1840,2006
-79.40,43.67,TORONTO,6158350,1900-07-16,1900,07,16,,30.6,,17.2,,23.9,,0.0,,5.9,,3.8,,0.0,,3.8,ONTARIO,5051,71266,112.5,1840,2017,1953,1969,1840,2017,1840,2006
-79.40,43.67,TORONTO,6158350,1900-07-17,1900,07,17,,28.9,,18.3,,23.6,,0.0,,5.6,,0.8,,0.0,,0.8,ONTARIO,5051,71266,112.5,1840,2017,1953,1969,1840,2017,1840,2006
-79.40,43.67,TORONTO,6158350,1900-07-18,1900,07,18,,25.0,,16.1,,20.6,,0.0,,2.6,,0.5,,0.0,,0.5,ONTARIO,5051,71266,112.5,1840,2017,1953,1969,1840,2017,1840,2006
-79.40,43.67,TORONTO,6158350,1900-07-19,1900,07,19,,27.2,,11.7,,19.5,,0.0,,1.5,,0.0,,0.0,,0.0,ONTARIO,5051,71266,112.5,1840,2017,1953,1969,1840,2017,1840,2006
-79.40,43.67,TORONTO,6158350,1900-07-20,1900,07,20,,25.6,,14.4,,20.0,,0.0,,2.0,,0.0,T,0.0,,0.0,ONTARIO,5051,71266,112.5,1840,2017,1953,1969,1840,2017,1840,2006
-79.40,43.67,TORONTO,6158350,1900-07-21,1900,07,21,,27.2,,16.1,,21.7,,0.0,,3.7,,0.0,,0.0,,0.0,ONTARIO,5051,71266,112.5,1840,2017,1953,1969,1840,2017,1840,2006
-79.40,43.67,TORONTO,6158350,1900-07-22,1900,07,22,,27.2,,10.6,,18.9,,0.0,,0.9,,0.0,,0.0,,0.0,ONTARIO,5051,71266,112.5,1840,2017,1953,1969,1840,2017,1840,2006
-79.40,43.67,TORONTO,6158350,1900-07-23,1900,07,23,,29.4,,10.6,,20.0,,0.0,,2.0,,0.0,,0.0,,0.0,ONTARIO,5051,71266,112.5,1840,2017,1953,1969,1840,2017,1840,2006
-79.40,43.67,TORONTO,6158350,1900-07-24,1900,07,24,,27.2,,15.6,,21.4,,0.0,,3.4,,12.7,,0.0,,12.7,ONTARIO,5051,71266,112.5,1840,2017,1953,1969,1840,2017,1840,2006
-79.40,43.67,TORONTO,6158350,1900-07-25,1900,07,25,,27.8,,17.2,,22.5,,0.0,,4.5,,7.6,,0.0,,7.6,ONTARIO,5051,71266,112.5,1840,2017,1953,1969,1840,2017,1840,2006
-79.40,43.67,TORONTO,6158350,1900-07-26,1900,07,26,,26.7,,13.9,,20.3,,0.0,,2.3,,0.0,,0.0,,0.0,ONTARIO,5051,71266,112.5,1840,2017,1953,1969,1840,2017,1840,2006
-79.40,43.67,TORONTO,6158350,1900-07-27,1900,07,27,,22.8,,15.0,,18.9,,0.0,,0.9,,0.0,,0.0,,0.0,ONTARIO,5051,71266,112.5,1840,2017,1953,1969,1840,2017,1840,2006
-79.40,43.67,TORONTO,6158350,1900-07-28,1900,07,28,,26.7,,11.1,,18.9,,0.0,,0.9,,0.0,,0.0,,0.0,ONTARIO,5051,71266,112.5,1840,2017,1953,1969,1840,2017,1840,2006
-79.40,43.67,TORONTO,6158350,1900-07-29,1900,07,29,,28.9,,12.8,,20.9,,0.0,,2.9,,8.1,,0.0,,8.1,ONTARIO,5051,71266,112.5,1840,2017,1953,1969,1840,2017,1840,2006
-79.40,43.67,TORONTO,6158350,1900-07-30,1900,07,30,,27.2,,16.1,,21.7,,0.0,,3.7,,0.0,,0.0,,0.0,ONTARIO,5051,71266,112.5,1840,2017,1953,1969,1840,2017,1840,2006
-79.40,43.67,TORONTO,6158350,1900-07-31,1900,07,31,,30.6,,14.4,,22.5,,0.0,,4.5,,0.0,,0.0,,0.0,ONTARIO,5051,71266,112.5,1840,2017,1953,1969,1840,2017,1840,2006
-79.40,43.67,TORONTO,6158350,1900-08-01,1900,08,01,,21.7,,12.8,,17.3,,0.7,,0.0,,0.0,,0.0,,0.0,ONTARIO,5051,71266,112.5,1840,2017,1953,1969,1840,2017,1840,2006
-79.40,43.67,TORONTO,6158350,1900-08-02,1900,08,02,,24.4,,10.6,,17.5,,0.5,,0.0,,0.0,,0.0,,0.0,ONTARIO,5051,71266,112.5,1840,2017,1953,1969,1840,2017,1840,2006
-79.40,43.67,TORONTO,6158350,1900-08-03,1900,08,03,,24.4,,11.7,,18.1,,0.0,,0.1,,0.0,,0.0,,0.0,ONTARIO,5051,71266,112.5,1840,2017,1953,1969,1840,2017,1840,2006
-79.40,43.67,TORONTO,6158350,1900-08-04,1900,08,04,,24.4,,12.2,,18.3,,0.0,,0.3,,0.0,,0.0,,0.0,ONTARIO,5051,71266,112.5,1840,2017,1953,1969,1840,2017,1840,2006
-79.40,43.67,TORONTO,6158350,1900-08-05,1900,08,05,,31.1,,13.3,,22.2,,0.0,,4.2,,0.0,,0.0,,0.0,ONTARIO,5051,71266,112.5,1840,2017,1953,1969,1840,2017,1840,2006
-79.40,43.67,TORONTO,6158350,1900-08-06,1900,08,06,,36.7,,21.1,,28.9,,0.0,,10.9,,0.0,,0.0,,0.0,ONTARIO,5051,71266,112.5,1840,2017,1953,1969,1840,2017,1840,2006
-79.40,43.67,TORONTO,6158350,1900-08-07,1900,08,07,,36.1,,22.8,,29.5,,0.0,,11.5,,0.3,,0.0,,0.3,ONTARIO,5051,71266,112.5,1840,2017,1953,1969,1840,2017,1840,2006
-79.40,43.67,TORONTO,6158350,1900-08-08,1900,08,08,,36.1,,22.2,,29.2,,0.0,,11.2,,0.0,,0.0,,0.0,ONTARIO,5051,71266,112.5,1840,2017,1953,1969,1840,2017,1840,2006
-79.40,43.67,TORONTO,6158350,1900-08-09,1900,08,09,,33.9,,21.7,,27.8,,0.0,,9.8,,26.7,,0.0,,26.7,ONTARIO,5051,71266,112.5,1840,2017,1953,1969,1840,2017,1840,2006
-79.40,43.67,TORONTO,6158350,1900-08-10,1900,08,10,,35.6,,21.7,,28.7,,0.0,,10.7,,0.0,,0.0,,0.0,ONTARIO,5051,71266,112.5,1840,2017,1953,1969,1840,2017,1840,2006
-79.40,43.67,TORONTO,6158350,1900-08-11,1900,08,11,,35.0,,21.7,,28.4,,0.0,,10.4,,13.2,,0.0,,13.2,ONTARIO,5051,71266,112.5,1840,2017,1953,1969,1840,2017,1840,2006
-79.40,43.67,TORONTO,6158350,1900-08-12,1900,08,12,,23.3,,15.0,,19.2,,0.0,,1.2,,2.5,,0.0,,2.5,ONTARIO,5051,71266,112.5,1840,2017,1953,1969,1840,2017,1840,2006
-79.40,43.67,TORONTO,6158350,1900-08-13,1900,08,13,,18.3,,13.9,,16.1,,1.9,,0.0,,1.0,,0.0,,1.0,ONTARIO,5051,71266,112.5,1840,2017,1953,1969,1840,2017,1840,2006
-79.40,43.67,TORONTO,6158350,1900-08-14,1900,08,14,,25.6,,16.1,,20.9,,0.0,,2.9,,2.0,,0.0,,2.0,ONTARIO,5051,71266,112.5,1840,2017,1953,1969,1840,2017,1840,2006
-79.40,43.67,TORONTO,6158350,1900-08-15,1900,08,15,,27.2,,17.2,,22.2,,0.0,,4.2,,0.0,,0.0,,0.0,ONTARIO,5051,71266,112.5,1840,2017,1953,1969,1840,2017,1840,2006
-79.40,43.67,TORONTO,6158350,1900-08-16,1900,08,16,,28.9,,19.4,,24.2,,0.0,,6.2,,0.0,,0.0,,0.0,ONTARIO,5051,71266,112.5,1840,2017,1953,1969,1840,2017,1840,2006
-79.40,43.67,TORONTO,6158350,1900-08-17,1900,08,17,,26.7,,16.7,,21.7,,0.0,,3.7,,2.5,,0.0,,2.5,ONTARIO,5051,71266,112.5,1840,2017,1953,1969,1840,2017,1840,2006
-79.40,43.67,TORONTO,6158350,1900-08-18,1900,08,18,,29.4,,16.1,,22.8,,0.0,,4.8,,5.6,,0.0,,5.6,ONTARIO,5051,71266,112.5,1840,2017,1953,1969,1840,2017,1840,2006
-79.40,43.67,TORONTO,6158350,1900-08-19,1900,08,19,,23.3,,16.7,,20.0,,0.0,,2.0,,0.0,T,0.0,,0.0,ONTARIO,5051,71266,112.5,1840,2017,1953,1969,1840,2017,1840,2006
-79.40,43.67,TORONTO,6158350,1900-08-20,1900,08,20,,21.1,,12.8,,17.0,,1.0,,0.0,,9.1,,0.0,,9.1,ONTARIO,5051,71266,112.5,1840,2017,1953,1969,1840,2017,1840,2006
-79.40,43.67,TORONTO,6158350,1900-08-21,1900,08,21,,24.4,,16.7,,20.6,,0.0,,2.6,,0.0,,0.0,,0.0,ONTARIO,5051,71266,112.5,1840,2017,1953,1969,1840,2017,1840,2006
-79.40,43.67,TORONTO,6158350,1900-08-22,1900,08,22,,25.6,,13.3,,19.5,,0.0,,1.5,,0.0,,0.0,,0.0,ONTARIO,5051,71266,112.5,1840,2017,1953,1969,1840,2017,1840,2006
-79.40,43.67,TORONTO,6158350,1900-08-23,1900,08,23,,27.2,,15.6,,21.4,,0.0,,3.4,,0.0,,0.0,,0.0,ONTARIO,5051,71266,112.5,1840,2017,1953,1969,1840,2017,1840,2006
-79.40,43.67,TORONTO,6158350,1900-08-24,1900,08,24,,29.4,,18.9,,24.2,,0.0,,6.2,,0.3,,0.0,,0.3,ONTARIO,5051,71266,112.5,1840,2017,1953,1969,1840,2017,1840,2006
-79.40,43.67,TORONTO,6158350,1900-08-25,1900,08,25,,31.1,,19.4,,25.3,,0.0,,7.3,,0.0,,0.0,,0.0,ONTARIO,5051,71266,112.5,1840,2017,1953,1969,1840,2017,1840,2006
-79.40,43.67,TORONTO,6158350,1900-08-26,1900,08,26,,31.1,,20.6,,25.9,,0.0,,7.9,,0.0,T,0.0,,0.0,ONTARIO,5051,71266,112.5,1840,2017,1953,1969,1840,2017,1840,2006
-79.40,43.67,TORONTO,6158350,1900-08-27,1900,08,27,,27.2,,20.0,,23.6,,0.0,,5.6,,6.6,,0.0,,6.6,ONTARIO,5051,71266,112.5,1840,2017,1953,1969,1840,2017,1840,2006
-79.40,43.67,TORONTO,6158350,1900-08-28,1900,08,28,,27.8,,18.3,,23.1,,0.0,,5.1,,0.0,,0.0,,0.0,ONTARIO,5051,71266,112.5,1840,2017,1953,1969,1840,2017,1840,2006
-79.40,43.67,TORONTO,6158350,1900-08-29,1900,08,29,,30.6,,16.7,,23.7,,0.0,,5.7,,0.0,,0.0,,0.0,ONTARIO,5051,71266,112.5,1840,2017,1953,1969,1840,2017,1840,2006
-79.40,43.67,TORONTO,6158350,1900-08-30,1900,08,30,,26.7,,12.8,,19.8,,0.0,,1.8,,0.0,,0.0,,0.0,ONTARIO,5051,71266,112.5,1840,2017,1953,1969,1840,2017,1840,2006
-79.40,43.67,TORONTO,6158350,1900-08-31,1900,08,31,,27.8,,16.1,,22.0,,0.0,,4.0,,0.0,,0.0,,0.0,ONTARIO,5051,71266,112.5,1840,2017,1953,1969,1840,2017,1840,2006
-79.40,43.67,TORONTO,6158350,1900-09-01,1900,09,01,,29.4,,18.3,,23.9,,0.0,,5.9,,0.0,,0.0,,0.0,ONTARIO,5051,71266,112.5,1840,2017,1953,1969,1840,2017,1840,2006
-79.40,43.67,TORONTO,6158350,1900-09-02,1900,09,02,,33.3,,18.3,,25.8,,0.0,,7.8,,0.0,,0.0,,0.0,ONTARIO,5051,71266,112.5,1840,2017,1953,1969,1840,2017,1840,2006
-79.40,43.67,TORONTO,6158350,1900-09-03,1900,09,03,,26.7,,16.7,,21.7,,0.0,,3.7,,3.3,,0.0,,3.3,ONTARIO,5051,71266,112.5,1840,2017,1953,1969,1840,2017,1840,2006
-79.40,43.67,TORONTO,6158350,1900-09-04,1900,09,04,,26.1,,12.8,,19.5,,0.0,,1.5,,0.0,,0.0,,0.0,ONTARIO,5051,71266,112.5,1840,2017,1953,1969,1840,2017,1840,2006
-79.40,43.67,TORONTO,6158350,1900-09-05,1900,09,05,,26.7,,13.3,,20.0,,0.0,,2.0,,0.0,,0.0,,0.0,ONTARIO,5051,71266,112.5,1840,2017,1953,1969,1840,2017,1840,2006
-79.40,43.67,TORONTO,6158350,1900-09-06,1900,09,06,,32.2,,20.6,,26.4,,0.0,,8.4,,1.3,,0.0,,1.3,ONTARIO,5051,71266,112.5,1840,2017,1953,1969,1840,2017,1840,2006
-79.40,43.67,TORONTO,6158350,1900-09-07,1900,09,07,,20.6,,11.7,,16.2,,1.8,,0.0,,0.0,,0.0,,0.0,ONTARIO,5051,71266,112.5,1840,2017,1953,1969,1840,2017,1840,2006
-79.40,43.67,TORONTO,6158350,1900-09-08,1900,09,08,,23.9,,10.0,,17.0,,1.0,,0.0,,0.0,,0.0,,0.0,ONTARIO,5051,71266,112.5,1840,2017,1953,1969,1840,2017,1840,2006
-79.40,43.67,TORONTO,6158350,1900-09-09,1900,09,09,,25.6,,16.1,,20.9,,0.0,,2.9,,0.0,,0.0,,0.0,ONTARIO,5051,71266,112.5,1840,2017,1953,1969,1840,2017,1840,2006
-79.40,43.67,TORONTO,6158350,1900-09-10,1900,09,10,,22.8,,14.4,,18.6,,0.0,,0.6,,0.0,T,0.0,,0.0,ONTARIO,5051,71266,112.5,1840,2017,1953,1969,1840,2017,1840,2006
-79.40,43.67,TORONTO,6158350,1900-09-11,1900,09,11,,31.1,,15.0,,23.1,,0.0,,5.1,,0.0,T,0.0,,0.0,ONTARIO,5051,71266,112.5,1840,2017,1953,1969,1840,2017,1840,2006
-79.40,43.67,TORONTO,6158350,1900-09-12,1900,09,12,,26.7,,15.6,,21.2,,0.0,,3.2,,0.0,T,0.0,,0.0,ONTARIO,5051,71266,112.5,1840,2017,1953,1969,1840,2017,1840,2006
-79.40,43.67,TORONTO,6158350,1900-09-13,1900,09,13,,25.0,,10.6,,17.8,,0.2,,0.0,,0.0,,0.0,,0.0,ONTARIO,5051,71266,112.5,1840,2017,1953,1969,1840,2017,1840,2006
-79.40,43.67,TORONTO,6158350,1900-09-14,1900,09,14,,22.8,,12.8,,17.8,,0.2,,0.0,,0.0,,0.0,,0.0,ONTARIO,5051,71266,112.5,1840,2017,1953,1969,1840,2017,1840,2006
-79.40,43.67,TORONTO,6158350,1900-09-15,1900,09,15,,19.4,,10.6,,15.0,,3.0,,0.0,,3.0,,0.0,,3.0,ONTARIO,5051,71266,112.5,1840,2017,1953,1969,1840,2017,1840,2006
-79.40,43.67,TORONTO,6158350,1900-09-16,1900,09,16,,21.1,,12.8,,17.0,,1.0,,0.0,,0.0,,0.0,,0.0,ONTARIO,5051,71266,112.5,1840,2017,1953,1969,1840,2017,1840,2006
-79.40,43.67,TORONTO,6158350,1900-09-17,1900,09,17,,16.7,,8.3,,12.5,,5.5,,0.0,,0.0,,0.0,,0.0,ONTARIO,5051,71266,112.5,1840,2017,1953,1969,1840,2017,1840,2006
-79.40,43.67,TORONTO,6158350,1900-09-18,1900,09,18,,21.7,,7.2,,14.5,,3.5,,0.0,,0.0,,0.0,,0.0,ONTARIO,5051,71266,112.5,1840,2017,1953,1969,1840,2017,1840,2006
-79.40,43.67,TORONTO,6158350,1900-09-19,1900,09,19,,17.2,,6.7,,12.0,,6.0,,0.0,,0.0,T,0.0,,0.0,ONTARIO,5051,71266,112.5,1840,2017,1953,1969,1840,2017,1840,2006
-79.40,43.67,TORONTO,6158350,1900-09-20,1900,09,20,,20.6,,15.0,,17.8,,0.2,,0.0,,5.6,,0.0,,5.6,ONTARIO,5051,71266,112.5,1840,2017,1953,1969,1840,2017,1840,2006
-79.40,43.67,TORONTO,6158350,1900-09-21,1900,09,21,,18.9,,11.1,,15.0,,3.0,,0.0,,6.1,,0.0,,6.1,ONTARIO,5051,71266,112.5,1840,2017,1953,1969,1840,2017,1840,2006
-79.40,43.67,TORONTO,6158350,1900-09-22,1900,09,22,,21.1,,10.0,,15.6,,2.4,,0.0,,0.0,,0.0,,0.0,ONTARIO,5051,71266,112.5,1840,2017,1953,1969,1840,2017,1840,2006
-79.40,43.67,TORONTO,6158350,1900-09-23,1900,09,23,,20.0,,8.3,,14.2,,3.8,,0.0,,0.0,T,0.0,,0.0,ONTARIO,5051,71266,112.5,1840,2017,1953,1969,1840,2017,1840,2006
-79.40,43.67,TORONTO,6158350,1900-09-24,1900,09,24,,21.7,,9.4,,15.6,,2.4,,0.0,,0.0,,0.0,,0.0,ONTARIO,5051,71266,112.5,1840,2017,1953,1969,1840,2017,1840,2006
-79.40,43.67,TORONTO,6158350,1900-09-25,1900,09,25,,22.8,,12.2,,17.5,,0.5,,0.0,,1.0,,0.0,,1.0,ONTARIO,5051,71266,112.5,1840,2017,1953,1969,1840,2017,1840,2006
-79.40,43.67,TORONTO,6158350,1900-09-26,1900,09,26,,30.0,,15.0,,22.5,,0.0,,4.5,,0.0,,0.0,,0.0,ONTARIO,5051,71266,112.5,1840,2017,1953,1969,1840,2017,1840,2006
-79.40,43.67,TORONTO,6158350,1900-09-27,1900,09,27,,23.9,,12.2,,18.1,,0.0,,0.1,,0.0,,0.0,,0.0,ONTARIO,5051,71266,112.5,1840,2017,1953,1969,1840,2017,1840,2006
-79.40,43.67,TORONTO,6158350,1900-09-28,1900,09,28,,18.9,,7.2,,13.1,,4.9,,0.0,,0.0,,0.0,,0.0,ONTARIO,5051,71266,112.5,1840,2017,1953,1969,1840,2017,1840,2006
-79.40,43.67,TORONTO,6158350,1900-09-29,1900,09,29,,18.3,,10.0,,14.2,,3.8,,0.0,,16.3,,0.0,,16.3,ONTARIO,5051,71266,112.5,1840,2017,1953,1969,1840,2017,1840,2006
-79.40,43.67,TORONTO,6158350,1900-09-30,1900,09,30,,18.3,,11.7,,15.0,,3.0,,0.0,,0.0,,0.0,,0.0,ONTARIO,5051,71266,112.5,1840,2017,1953,1969,1840,2017,1840,2006
-79.40,43.67,TORONTO,6158350,1900-10-01,1900,10,01,,19.4,,10.6,,15.0,,3.0,,0.0,,0.0,,0.0,,0.0,ONTARIO,5051,71266,112.5,1840,2017,1953,1969,1840,2017,1840,2006
-79.40,43.67,TORONTO,6158350,1900-10-02,1900,10,02,,23.3,,13.3,,18.3,,0.0,,0.3,,0.0,,0.0,,0.0,ONTARIO,5051,71266,112.5,1840,2017,1953,1969,1840,2017,1840,2006
-79.40,43.67,TORONTO,6158350,1900-10-03,1900,10,03,,24.4,,14.4,,19.4,,0.0,,1.4,,0.0,,0.0,,0.0,ONTARIO,5051,71266,112.5,1840,2017,1953,1969,1840,2017,1840,2006
-79.40,43.67,TORONTO,6158350,1900-10-04,1900,10,04,,25.0,,13.3,,19.2,,0.0,,1.2,,0.0,,0.0,,0.0,ONTARIO,5051,71266,112.5,1840,2017,1953,1969,1840,2017,1840,2006
-79.40,43.67,TORONTO,6158350,1900-10-05,1900,10,05,,27.8,,13.9,,20.9,,0.0,,2.9,,0.0,,0.0,,0.0,ONTARIO,5051,71266,112.5,1840,2017,1953,1969,1840,2017,1840,2006
-79.40,43.67,TORONTO,6158350,1900-10-06,1900,10,06,,28.9,,16.1,,22.5,,0.0,,4.5,,0.0,T,0.0,,0.0,ONTARIO,5051,71266,112.5,1840,2017,1953,1969,1840,2017,1840,2006
-79.40,43.67,TORONTO,6158350,1900-10-07,1900,10,07,,25.6,,15.6,,20.6,,0.0,,2.6,,6.6,,0.0,,6.6,ONTARIO,5051,71266,112.5,1840,2017,1953,1969,1840,2017,1840,2006
-79.40,43.67,TORONTO,6158350,1900-10-08,1900,10,08,,16.1,,5.0,,10.6,,7.4,,0.0,,0.5,,0.0,,0.5,ONTARIO,5051,71266,112.5,1840,2017,1953,1969,1840,2017,1840,2006
-79.40,43.67,TORONTO,6158350,1900-10-09,1900,10,09,,13.9,,3.9,,8.9,,9.1,,0.0,,0.0,,0.0,,0.0,ONTARIO,5051,71266,112.5,1840,2017,1953,1969,1840,2017,1840,2006
-79.40,43.67,TORONTO,6158350,1900-10-10,1900,10,10,,15.6,,4.4,,10.0,,8.0,,0.0,,0.0,,0.0,,0.0,ONTARIO,5051,71266,112.5,1840,2017,1953,1969,1840,2017,1840,2006
-79.40,43.67,TORONTO,6158350,1900-10-11,1900,10,11,,21.1,,3.3,,12.2,,5.8,,0.0,,0.0,,0.0,,0.0,ONTARIO,5051,71266,112.5,1840,2017,1953,1969,1840,2017,1840,2006
-79.40,43.67,TORONTO,6158350,1900-10-12,1900,10,12,,20.0,,3.9,,12.0,,6.0,,0.0,,0.0,,0.0,,0.0,ONTARIO,5051,71266,112.5,1840,2017,1953,1969,1840,2017,1840,2006
-79.40,43.67,TORONTO,6158350,1900-10-13,1900,10,13,,21.1,,7.8,,14.5,,3.5,,0.0,,0.0,,0.0,,0.0,ONTARIO,5051,71266,112.5,1840,2017,1953,1969,1840,2017,1840,2006
-79.40,43.67,TORONTO,6158350,1900-10-14,1900,10,14,,16.7,,9.4,,13.1,,4.9,,0.0,,0.0,,0.0,,0.0,ONTARIO,5051,71266,112.5,1840,2017,1953,1969,1840,2017,1840,2006
-79.40,43.67,TORONTO,6158350,1900-10-15,1900,10,15,,23.9,,5.6,,14.8,,3.2,,0.0,,0.0,,0.0,,0.0,ONTARIO,5051,71266,112.5,1840,2017,1953,1969,1840,2017,1840,2006
-79.40,43.67,TORONTO,6158350,1900-10-16,1900,10,16,,14.4,,3.3,,8.9,,9.1,,0.0,,1.0,,0.0,,1.0,ONTARIO,5051,71266,112.5,1840,2017,1953,1969,1840,2017,1840,2006
-79.40,43.67,TORONTO,6158350,1900-10-17,1900,10,17,,12.8,,-3.3,,4.8,,13.2,,0.0,,0.0,,0.0,,0.0,ONTARIO,5051,71266,112.5,1840,2017,1953,1969,1840,2017,1840,2006
-79.40,43.67,TORONTO,6158350,1900-10-18,1900,10,18,,17.8,,5.0,,11.4,,6.6,,0.0,,0.0,,0.0,,0.0,ONTARIO,5051,71266,112.5,1840,2017,1953,1969,1840,2017,1840,2006
-79.40,43.67,TORONTO,6158350,1900-10-19,1900,10,19,,8.3,,-0.6,,3.9,,14.1,,0.0,,0.0,,0.0,,0.0,ONTARIO,5051,71266,112.5,1840,2017,1953,1969,1840,2017,1840,2006
-79.40,43.67,TORONTO,6158350,1900-10-20,1900,10,20,,12.2,,-2.2,,5.0,,13.0,,0.0,,0.0,,0.0,,0.0,ONTARIO,5051,71266,112.5,1840,2017,1953,1969,1840,2017,1840,2006
-79.40,43.67,TORONTO,6158350,1900-10-21,1900,10,21,,20.0,,2.2,,11.1,,6.9,,0.0,,0.0,,0.0,,0.0,ONTARIO,5051,71266,112.5,1840,2017,1953,1969,1840,2017,1840,2006
-79.40,43.67,TORONTO,6158350,1900-10-22,1900,10,22,,19.4,,7.2,,13.3,,4.7,,0.0,,4.1,,0.0,,4.1,ONTARIO,5051,71266,112.5,1840,2017,1953,1969,1840,2017,1840,2006
-79.40,43.67,TORONTO,6158350,1900-10-23,1900,10,23,,20.0,,13.3,,16.7,,1.3,,0.0,,6.4,,0.0,,6.4,ONTARIO,5051,71266,112.5,1840,2017,1953,1969,1840,2017,1840,2006
-79.40,43.67,TORONTO,6158350,1900-10-24,1900,10,24,,21.1,,10.0,,15.6,,2.4,,0.0,,0.0,,0.0,,0.0,ONTARIO,5051,71266,112.5,1840,2017,1953,1969,1840,2017,1840,2006
-79.40,43.67,TORONTO,6158350,1900-10-25,1900,10,25,,14.4,,10.6,,12.5,,5.5,,0.0,,0.0,,0.0,,0.0,ONTARIO,5051,71266,112.5,1840,2017,1953,1969,1840,2017,1840,2006
-79.40,43.67,TORONTO,6158350,1900-10-26,1900,10,26,,21.1,,9.4,,15.3,,2.7,,0.0,,8.1,,0.0,,8.1,ONTARIO,5051,71266,112.5,1840,2017,1953,1969,1840,2017,1840,2006
-79.40,43.67,TORONTO,6158350,1900-10-27,1900,10,27,,17.2,,12.2,,14.7,,3.3,,0.0,,0.0,T,0.0,,0.0,ONTARIO,5051,71266,112.5,1840,2017,1953,1969,1840,2017,1840,2006
-79.40,43.67,TORONTO,6158350,1900-10-28,1900,10,28,,17.8,,11.1,,14.5,,3.5,,0.0,,0.0,,0.0,,0.0,ONTARIO,5051,71266,112.5,1840,2017,1953,1969,1840,2017,1840,2006
-79.40,43.67,TORONTO,6158350,1900-10-29,1900,10,29,,16.7,,11.7,,14.2,,3.8,,0.0,,4.6,,0.0,,4.6,ONTARIO,5051,71266,112.5,1840,2017,1953,1969,1840,2017,1840,2006
-79.40,43.67,TORONTO,6158350,1900-10-30,1900,10,30,,13.3,,8.3,,10.8,,7.2,,0.0,,22.1,,0.0,,22.1,ONTARIO,5051,71266,112.5,1840,2017,1953,1969,1840,2017,1840,2006
-79.40,43.67,TORONTO,6158350,1900-10-31,1900,10,31,,17.2,,7.8,,12.5,,5.5,,0.0,,0.8,,0.0,,0.8,ONTARIO,5051,71266,112.5,1840,2017,1953,1969,1840,2017,1840,2006
-79.40,43.67,TORONTO,6158350,1900-11-01,1900,11,01,,18.9,,11.1,,15.0,,3.0,,0.0,,1.5,,0.0,,1.5,ONTARIO,5051,71266,112.5,1840,2017,1953,1969,1840,2017,1840,2006
-79.40,43.67,TORONTO,6158350,1900-11-02,1900,11,02,,15.0,,6.7,,10.9,,7.1,,0.0,,0.0,,0.0,,0.0,ONTARIO,5051,71266,112.5,1840,2017,1953,1969,1840,2017,1840,2006
-79.40,43.67,TORONTO,6158350,1900-11-03,1900,11,03,,12.8,,3.3,,8.1,,9.9,,0.0,,0.0,,0.0,,0.0,ONTARIO,5051,71266,112.5,1840,2017,1953,1969,1840,2017,1840,2006
-79.40,43.67,TORONTO,6158350,1900-11-04,1900,11,04,,17.2,,5.6,,11.4,,6.6,,0.0,,0.0,,0.0,,0.0,ONTARIO,5051,71266,112.5,1840,2017,1953,1969,1840,2017,1840,2006
-79.40,43.67,TORONTO,6158350,1900-11-05,1900,11,05,,12.8,,3.3,,8.1,,9.9,,0.0,,5.8,,0.0,,5.8,ONTARIO,5051,71266,112.5,1840,2017,1953,1969,1840,2017,1840,2006
-79.40,43.67,TORONTO,6158350,1900-11-06,1900,11,06,,10.0,,1.7,,5.9,,12.1,,0.0,,0.0,T,0.0,,0.0,ONTARIO,5051,71266,112.5,1840,2017,1953,1969,1840,2017,1840,2006
-79.40,43.67,TORONTO,6158350,1900-11-07,1900,11,07,,7.8,,2.8,,5.3,,12.7,,0.0,,9.1,,0.0,,9.1,ONTARIO,5051,71266,112.5,1840,2017,1953,1969,1840,2017,1840,2006
-79.40,43.67,TORONTO,6158350,1900-11-08,1900,11,08,,5.6,,1.7,,3.7,,14.3,,0.0,,19.3,,0.0,,19.3,ONTARIO,5051,71266,112.5,1840,2017,1953,1969,1840,2017,1840,2006
-79.40,43.67,TORONTO,6158350,1900-11-09,1900,11,09,,4.4,,0.0,,2.2,,15.8,,0.0,,0.0,,0.0,,0.0,ONTARIO,5051,71266,112.5,1840,2017,1953,1969,1840,2017,1840,2006
-79.40,43.67,TORONTO,6158350,1900-11-10,1900,11,10,,5.0,,-1.7,,1.7,,16.3,,0.0,,0.0,,0.0,T,0.0,ONTARIO,5051,71266,112.5,1840,2017,1953,1969,1840,2017,1840,2006
-79.40,43.67,TORONTO,6158350,1900-11-11,1900,11,11,,7.2,,1.1,,4.2,,13.8,,0.0,,0.0,,0.0,,0.0,ONTARIO,5051,71266,112.5,1840,2017,1953,1969,1840,2017,1840,2006
-79.40,43.67,TORONTO,6158350,1900-11-12,1900,11,12,,2.8,,0.6,,1.7,,16.3,,0.0,,1.0,,0.0,T,1.0,ONTARIO,5051,71266,112.5,1840,2017,1953,1969,1840,2017,1840,2006
-79.40,43.67,TORONTO,6158350,1900-11-13,1900,11,13,,2.2,,-5.0,,-1.4,,19.4,,0.0,,0.0,,9.4,,9.4,ONTARIO,5051,71266,112.5,1840,2017,1953,1969,1840,2017,1840,2006
-79.40,43.67,TORONTO,6158350,1900-11-14,1900,11,14,,-1.7,,-7.2,,-4.5,,22.5,,0.0,,0.0,,0.0,T,0.0,ONTARIO,5051,71266,112.5,1840,2017,1953,1969,1840,2017,1840,2006
-79.40,43.67,TORONTO,6158350,1900-11-15,1900,11,15,,-0.6,,-5.0,,-2.8,,20.8,,0.0,,0.0,,5.6,,5.6,ONTARIO,5051,71266,112.5,1840,2017,1953,1969,1840,2017,1840,2006
-79.40,43.67,TORONTO,6158350,1900-11-16,1900,11,16,,0.0,,-10.0,,-5.0,,23.0,,0.0,,0.0,,0.0,T,0.0,ONTARIO,5051,71266,112.5,1840,2017,1953,1969,1840,2017,1840,2006
-79.40,43.67,TORONTO,6158350,1900-11-17,1900,11,17,,5.6,,-5.6,,0.0,,18.0,,0.0,,5.6,,0.0,T,5.6,ONTARIO,5051,71266,112.5,1840,2017,1953,1969,1840,2017,1840,2006
-79.40,43.67,TORONTO,6158350,1900-11-18,1900,11,18,,12.8,,4.4,,8.6,,9.4,,0.0,,6.6,,0.0,,6.6,ONTARIO,5051,71266,112.5,1840,2017,1953,1969,1840,2017,1840,2006
-79.40,43.67,TORONTO,6158350,1900-11-19,1900,11,19,,6.7,,1.1,,3.9,,14.1,,0.0,,21.1,,0.0,,21.1,ONTARIO,5051,71266,112.5,1840,2017,1953,1969,1840,2017,1840,2006
-79.40,43.67,TORONTO,6158350,1900-11-20,1900,11,20,,11.1,,2.2,,6.7,,11.3,,0.0,,1.3,,0.0,,1.3,ONTARIO,5051,71266,112.5,1840,2017,1953,1969,1840,2017,1840,2006
-79.40,43.67,TORONTO,6158350,1900-11-21,1900,11,21,,15.6,,3.9,,9.8,,8.2,,0.0,,3.8,,0.0,,3.8,ONTARIO,5051,71266,112.5,1840,2017,1953,1969,1840,2017,1840,2006
-79.40,43.67,TORONTO,6158350,1900-11-22,1900,11,22,,6.7,,2.2,,4.5,,13.5,,0.0,,1.0,,0.0,,1.0,ONTARIO,5051,71266,112.5,1840,2017,1953,1969,1840,2017,1840,2006
-79.40,43.67,TORONTO,6158350,1900-11-23,1900,11,23,,6.7,,0.6,,3.7,,14.3,,0.0,,0.0,,0.0,,0.0,ONTARIO,5051,71266,112.5,1840,2017,1953,1969,1840,2017,1840,2006
-79.40,43.67,TORONTO,6158350,1900-11-24,1900,11,24,,1.7,,-1.1,,0.3,,17.7,,0.0,,0.0,,1.3,,1.3,ONTARIO,5051,71266,112.5,1840,2017,1953,1969,1840,2017,1840,2006
-79.40,43.67,TORONTO,6158350,1900-11-25,1900,11,25,,1.1,,-2.2,,-0.6,,18.6,,0.0,,0.0,,5.8,,5.8,ONTARIO,5051,71266,112.5,1840,2017,1953,1969,1840,2017,1840,2006
-79.40,43.67,TORONTO,6158350,1900-11-26,1900,11,26,,3.9,,-1.1,,1.4,,16.6,,0.0,,1.3,,0.0,T,1.3,ONTARIO,5051,71266,112.5,1840,2017,1953,1969,1840,2017,1840,2006
-79.40,43.67,TORONTO,6158350,1900-11-27,1900,11,27,,3.9,,-2.2,,0.9,,17.1,,0.0,,0.0,,0.0,,0.0,ONTARIO,5051,71266,112.5,1840,2017,1953,1969,1840,2017,1840,2006
-79.40,43.67,TORONTO,6158350,1900-11-28,1900,11,28,,5.0,,-2.8,,1.1,,16.9,,0.0,,0.0,T,0.0,,0.0,ONTARIO,5051,71266,112.5,1840,2017,1953,1969,1840,2017,1840,2006
-79.40,43.67,TORONTO,6158350,1900-11-29,1900,11,29,,4.4,,1.7,,3.1,,14.9,,0.0,,0.0,,0.0,,0.0,ONTARIO,5051,71266,112.5,1840,2017,1953,1969,1840,2017,1840,2006
-79.40,43.67,TORONTO,6158350,1900-11-30,1900,11,30,,5.6,,-0.6,,2.5,,15.5,,0.0,,0.0,,0.0,,0.0,ONTARIO,5051,71266,112.5,1840,2017,1953,1969,1840,2017,1840,2006
-79.40,43.67,TORONTO,6158350,1900-12-01,1900,12,01,,6.1,,3.3,,4.7,,13.3,,0.0,,0.0,,0.0,,0.0,ONTARIO,5051,71266,112.5,1840,2017,1953,1969,1840,2017,1840,2006
-79.40,43.67,TORONTO,6158350,1900-12-02,1900,12,02,,5.6,,0.0,,2.8,,15.2,,0.0,,0.0,,0.0,,0.0,ONTARIO,5051,71266,112.5,1840,2017,1953,1969,1840,2017,1840,2006
-79.40,43.67,TORONTO,6158350,1900-12-03,1900,12,03,,8.9,,-2.2,,3.4,,14.6,,0.0,,0.0,,0.0,,0.0,ONTARIO,5051,71266,112.5,1840,2017,1953,1969,1840,2017,1840,2006
-79.40,43.67,TORONTO,6158350,1900-12-04,1900,12,04,,5.0,,1.1,,3.1,,14.9,,0.0,,10.2,,0.0,,10.2,ONTARIO,5051,71266,112.5,1840,2017,1953,1969,1840,2017,1840,2006
-79.40,43.67,TORONTO,6158350,1900-12-05,1900,12,05,,5.6,,1.7,,3.7,,14.3,,0.0,,1.3,,0.0,,1.3,ONTARIO,5051,71266,112.5,1840,2017,1953,1969,1840,2017,1840,2006
-79.40,43.67,TORONTO,6158350,1900-12-06,1900,12,06,,3.3,,1.1,,2.2,,15.8,,0.0,,0.0,,0.0,T,0.0,ONTARIO,5051,71266,112.5,1840,2017,1953,1969,1840,2017,1840,2006
-79.40,43.67,TORONTO,6158350,1900-12-07,1900,12,07,,3.3,,-2.2,,0.6,,17.4,,0.0,,0.0,,0.5,,0.5,ONTARIO,5051,71266,112.5,1840,2017,1953,1969,1840,2017,1840,2006
-79.40,43.67,TORONTO,6158350,1900-12-08,1900,12,08,,3.9,,-2.8,,0.6,,17.4,,0.0,,0.0,,0.0,,0.0,ONTARIO,5051,71266,112.5,1840,2017,1953,1969,1840,2017,1840,2006
-79.40,43.67,TORONTO,6158350,1900-12-09,1900,12,09,,3.3,,-11.1,,-3.9,,21.9,,0.0,,0.0,,0.3,,0.3,ONTARIO,5051,71266,112.5,1840,2017,1953,1969,1840,2017,1840,2006
-79.40,43.67,TORONTO,6158350,1900-12-10,1900,12,10,,-3.3,,-12.2,,-7.8,,25.8,,0.0,,0.0,,0.0,T,0.0,ONTARIO,5051,71266,112.5,1840,2017,1953,1969,1840,2017,1840,2006
-79.40,43.67,TORONTO,6158350,1900-12-11,1900,12,11,,-2.2,,-9.4,,-5.8,,23.8,,0.0,,0.0,,0.8,,0.8,ONTARIO,5051,71266,112.5,1840,2017,1953,1969,1840,2017,1840,2006
-79.40,43.67,TORONTO,6158350,1900-12-12,1900,12,12,,1.7,,-10.6,,-4.5,,22.5,,0.0,,0.0,,0.0,,0.0,ONTARIO,5051,71266,112.5,1840,2017,1953,1969,1840,2017,1840,2006
-79.40,43.67,TORONTO,6158350,1900-12-13,1900,12,13,,2.8,,-15.6,,-6.4,,24.4,,0.0,,0.0,,0.3,,0.3,ONTARIO,5051,71266,112.5,1840,2017,1953,1969,1840,2017,1840,2006
-79.40,43.67,TORONTO,6158350,1900-12-14,1900,12,14,,-10.6,,-18.9,,-14.8,,32.8,,0.0,,0.0,,0.0,,0.0,ONTARIO,5051,71266,112.5,1840,2017,1953,1969,1840,2017,1840,2006
-79.40,43.67,TORONTO,6158350,1900-12-15,1900,12,15,,-11.1,,-13.3,,-12.2,,30.2,,0.0,,0.0,,0.8,,0.8,ONTARIO,5051,71266,112.5,1840,2017,1953,1969,1840,2017,1840,2006
-79.40,43.67,TORONTO,6158350,1900-12-16,1900,12,16,,-8.3,,-16.1,,-12.2,,30.2,,0.0,,0.0,,0.0,T,0.0,ONTARIO,5051,71266,112.5,1840,2017,1953,1969,1840,2017,1840,2006
-79.40,43.67,TORONTO,6158350,1900-12-17,1900,12,17,,0.0,,-8.3,,-4.2,,22.2,,0.0,,0.0,,0.0,,0.0,ONTARIO,5051,71266,112.5,1840,2017,1953,1969,1840,2017,1840,2006
-79.40,43.67,TORONTO,6158350,1900-12-18,1900,12,18,,5.0,,-3.9,,0.6,,17.4,,0.0,,0.5,,0.0,,0.5,ONTARIO,5051,71266,112.5,1840,2017,1953,1969,1840,2017,1840,2006
-79.40,43.67,TORONTO,6158350,1900-12-19,1900,12,19,,6.1,,2.2,,4.2,,13.8,,0.0,,0.0,,0.0,,0.0,ONTARIO,5051,71266,112.5,1840,2017,1953,1969,1840,2017,1840,2006
-79.40,43.67,TORONTO,6158350,1900-12-20,1900,12,20,,5.0,,0.6,,2.8,,15.2,,0.0,,0.0,,0.0,,0.0,ONTARIO,5051,71266,112.5,1840,2017,1953,1969,1840,2017,1840,2006
-79.40,43.67,TORONTO,6158350,1900-12-21,1900,12,21,,2.8,,-3.3,,-0.3,,18.3,,0.0,,0.0,,0.0,,0.0,ONTARIO,5051,71266,112.5,1840,2017,1953,1969,1840,2017,1840,2006
-79.40,43.67,TORONTO,6158350,1900-12-22,1900,12,22,,9.4,,0.0,,4.7,,13.3,,0.0,,0.0,,0.0,,0.0,ONTARIO,5051,71266,112.5,1840,2017,1953,1969,1840,2017,1840,2006
-79.40,43.67,TORONTO,6158350,1900-12-23,1900,12,23,,7.8,,-1.1,,3.4,,14.6,,0.0,,3.6,,0.0,,3.6,ONTARIO,5051,71266,112.5,1840,2017,1953,1969,1840,2017,1840,2006
-79.40,43.67,TORONTO,6158350,1900-12-24,1900,12,24,,6.1,,0.6,,3.4,,14.6,,0.0,,0.0,,0.0,T,0.0,ONTARIO,5051,71266,112.5,1840,2017,1953,1969,1840,2017,1840,2006
-79.40,43.67,TORONTO,6158350,1900-12-25,1900,12,25,,1.7,,-3.3,,-0.8,,18.8,,0.0,,0.0,,0.8,,0.8,ONTARIO,5051,71266,112.5,1840,2017,1953,1969,1840,2017,1840,2006
-79.40,43.67,TORONTO,6158350,1900-12-26,1900,12,26,,-3.3,,-9.4,,-6.4,,24.4,,0.0,,0.0,,0.0,T,0.0,ONTARIO,5051,71266,112.5,1840,2017,1953,1969,1840,2017,1840,2006
-79.40,43.67,TORONTO,6158350,1900-12-27,1900,12,27,,0.6,,-9.4,,-4.4,,22.4,,0.0,,0.0,,0.0,,0.0,ONTARIO,5051,71266,112.5,1840,2017,1953,1969,1840,2017,1840,2006
-79.40,43.67,TORONTO,6158350,1900-12-28,1900,12,28,,0.6,,-7.8,,-3.6,,21.6,,0.0,,0.0,,0.8,,0.8,ONTARIO,5051,71266,112.5,1840,2017,1953,1969,1840,2017,1840,2006
-79.40,43.67,TORONTO,6158350,1900-12-29,1900,12,29,,1.1,,-6.1,,-2.5,,20.5,,0.0,,0.0,,0.0,,0.0,ONTARIO,5051,71266,112.5,1840,2017,1953,1969,1840,2017,1840,2006
-79.40,43.67,TORONTO,6158350,1900-12-30,1900,12,30,,1.7,,-2.2,,-0.3,,18.3,,0.0,,0.0,,0.3,,0.3,ONTARIO,5051,71266,112.5,1840,2017,1953,1969,1840,2017,1840,2006
-79.40,43.67,TORONTO,6158350,1900-12-31,1900,12,31,,1.7,,-4.4,,-1.4,,19.4,,0.0,,0.0,,1.3,,1.3,ONTARIO,5051,71266,112.5,1840,2017,1953,1969,1840,2017,1840,2006
